<?xml version="1.0" ?>
<Root>
    <Image flipped="False" height="24" name="freesansbold.ttf_22_9" width="12" x="84" y="24"/>
    <Image flipped="False" height="24" name="freesansbold.ttf_22_8" width="12" x="78" y="48"/>
    <Image flipped="False" height="24" name="freesansbold.ttf_22_5" width="12" x="54" y="120"/>
    <Image flipped="False" height="24" name="freesansbold.ttf_22_4" width="12" x="75" y="0"/>
    <Image flipped="False" height="24" name="freesansbold.ttf_22_7" width="12" x="69" y="72"/>
    <Image flipped="False" height="24" name="freesansbold.ttf_22_6" width="12" x="60" y="96"/>
    <Image flipped="False" height="24" name="freesansbold.ttf_22_1" width="12" x="57" y="72"/>
    <Image flipped="False" height="24" name="freesansbold.ttf_22_0" width="12" x="48" y="96"/>
    <Image flipped="False" height="24" name="freesansbold.ttf_22_3" width="12" x="72" y="24"/>
    <Image flipped="False" height="24" name="freesansbold.ttf_22_2" width="12" x="66" y="48"/>
    <Image flipped="False" height="24" name="freesansbold.ttf_22_Y" width="15" x="42" y="72"/>
    <Image flipped="False" height="24" name="freesansbold.ttf_22_X" width="15" x="60" y="0"/>
    <Image flipped="False" height="24" name="freesansbold.ttf_22_Z" width="13" x="53" y="48"/>
    <Image flipped="False" height="24" name="freesansbold.ttf_22_U" width="16" x="44" y="0"/>
    <Image flipped="False" height="24" name="freesansbold.ttf_22_T" width="13" x="38" y="24"/>
    <Image flipped="False" height="24" name="freesansbold.ttf_22_W" width="21" x="51" y="24"/>
    <Image flipped="False" height="24" name="freesansbold.ttf_22_V" width="15" x="38" y="48"/>
    <Image flipped="False" height="24" name="freesansbold.ttf_22_Q" width="17" x="58" y="216"/>
    <Image flipped="False" height="24" name="freesansbold.ttf_22_P" width="15" x="61" y="168"/>
    <Image flipped="False" height="24" name="freesansbold.ttf_22_S" width="15" x="75" y="216"/>
    <Image flipped="False" height="24" name="freesansbold.ttf_22_R" width="16" x="74" y="192"/>
    <Image flipped="False" height="24" name="freesansbold.ttf_22_M" width="18" x="50" y="144"/>
    <Image flipped="False" height="24" name="freesansbold.ttf_22_L" width="13" x="48" y="168"/>
    <Image flipped="False" height="24" name="freesansbold.ttf_22_O" width="17" x="57" y="192"/>
    <Image flipped="False" height="24" name="freesansbold.ttf_22_N" width="16" x="42" y="216"/>
    <Image flipped="False" height="24" name="freesansbold.ttf_22_I" width="6" x="44" y="144"/>
    <Image flipped="False" height="24" name="freesansbold.ttf_22_H" width="16" x="32" y="168"/>
    <Image flipped="False" height="24" name="freesansbold.ttf_22_K" width="16" x="41" y="192"/>
    <Image flipped="False" height="24" name="freesansbold.ttf_22_J" width="12" x="30" y="216"/>
    <Image flipped="False" height="24" name="freesansbold.ttf_22_E" width="15" x="29" y="144"/>
    <Image flipped="False" height="24" name="freesansbold.ttf_22_D" width="16" x="16" y="168"/>
    <Image flipped="False" height="24" name="freesansbold.ttf_22_G" width="17" x="24" y="192"/>
    <Image flipped="False" height="24" name="freesansbold.ttf_22_F" width="13" x="41" y="120"/>
    <Image flipped="False" height="24" name="freesansbold.ttf_22_A" width="16" x="13" y="144"/>
    <Image flipped="False" height="24" name="freesansbold.ttf_22_C" width="16" x="32" y="96"/>
    <Image flipped="False" height="24" name="freesansbold.ttf_22_B" width="16" x="25" y="120"/>
    <Image flipped="False" height="24" name="freesansbold.ttf_22_y" width="12" x="20" y="96"/>
    <Image flipped="False" height="24" name="freesansbold.ttf_22_x" width="12" x="13" y="120"/>
    <Image flipped="False" height="24" name="freesansbold.ttf_22_z" width="11" x="31" y="72"/>
    <Image flipped="False" height="24" name="freesansbold.ttf_22_u" width="13" x="0" y="216"/>
    <Image flipped="False" height="24" name="freesansbold.ttf_22_t" width="7" x="9" y="168"/>
    <Image flipped="False" height="24" name="freesansbold.ttf_22_w" width="17" x="13" y="216"/>
    <Image flipped="False" height="24" name="freesansbold.ttf_22_v" width="12" x="12" y="192"/>
    <Image flipped="False" height="24" name="freesansbold.ttf_22_q" width="13" x="0" y="144"/>
    <Image flipped="False" height="24" name="freesansbold.ttf_22_p" width="13" x="25" y="48"/>
    <Image flipped="False" height="24" name="freesansbold.ttf_22_s" width="12" x="0" y="192"/>
    <Image flipped="False" height="24" name="freesansbold.ttf_22_r" width="9" x="0" y="168"/>
    <Image flipped="False" height="24" name="freesansbold.ttf_22_m" width="20" x="24" y="0"/>
    <Image flipped="False" height="24" name="freesansbold.ttf_22_l" width="6" x="19" y="24"/>
    <Image flipped="False" height="24" name="freesansbold.ttf_22_o" width="13" x="25" y="24"/>
    <Image flipped="False" height="24" name="freesansbold.ttf_22_n" width="13" x="18" y="72"/>
    <Image flipped="False" height="24" name="freesansbold.ttf_22_i" width="6" x="12" y="72"/>
    <Image flipped="False" height="24" name="freesansbold.ttf_22_h" width="13" x="7" y="96"/>
    <Image flipped="False" height="24" name="freesansbold.ttf_22_k" width="12" x="13" y="48"/>
    <Image flipped="False" height="24" name="freesansbold.ttf_22_j" width="6" x="13" y="24"/>
    <Image flipped="False" height="24" name="freesansbold.ttf_22_e" width="12" x="0" y="72"/>
    <Image flipped="False" height="24" name="freesansbold.ttf_22_d" width="13" x="0" y="48"/>
    <Image flipped="False" height="24" name="freesansbold.ttf_22_g" width="13" x="0" y="120"/>
    <Image flipped="False" height="24" name="freesansbold.ttf_22_f" width="7" x="0" y="96"/>
    <Image flipped="False" height="24" name="freesansbold.ttf_22_a" width="12" x="0" y="0"/>
    <Image flipped="False" height="24" name="freesansbold.ttf_22_c" width="12" x="12" y="0"/>
    <Image flipped="False" height="24" name="freesansbold.ttf_22_b" width="13" x="0" y="24"/>
</Root>
