<?xml version="1.0" ?>
<Root>
    <Image flipped="False" height="68" name="freesansbold.ttf_62_1" width="34" x="231" y="408"/>
    <Image flipped="False" height="68" name="freesansbold.ttf_62_0" width="34" x="323" y="0"/>
    <Image flipped="False" height="68" name="freesansbold.ttf_62_3" width="34" x="259" y="272"/>
    <Image flipped="False" height="68" name="freesansbold.ttf_62_2" width="34" x="247" y="340"/>
    <Image flipped="False" height="68" name="freesansbold.ttf_62_5" width="34" x="265" y="408"/>
    <Image flipped="False" height="68" name="freesansbold.ttf_62_4" width="34" x="264" y="204"/>
    <Image flipped="False" height="68" name="freesansbold.ttf_62_7" width="34" x="293" y="272"/>
    <Image flipped="False" height="68" name="freesansbold.ttf_62_6" width="34" x="281" y="340"/>
    <Image flipped="False" height="68" name="freesansbold.ttf_62_9" width="34" x="311" y="136"/>
    <Image flipped="False" height="68" name="freesansbold.ttf_62_8" width="34" x="298" y="204"/>
    <Image flipped="False" height="68" name="freesansbold.ttf_62_a" width="34" x="0" y="0"/>
    <Image flipped="False" height="68" name="freesansbold.ttf_62_c" width="34" x="34" y="0"/>
    <Image flipped="False" height="68" name="freesansbold.ttf_62_b" width="38" x="0" y="68"/>
    <Image flipped="False" height="68" name="freesansbold.ttf_62_e" width="34" x="0" y="204"/>
    <Image flipped="False" height="68" name="freesansbold.ttf_62_d" width="38" x="0" y="136"/>
    <Image flipped="False" height="68" name="freesansbold.ttf_62_g" width="38" x="0" y="340"/>
    <Image flipped="False" height="68" name="freesansbold.ttf_62_f" width="21" x="0" y="272"/>
    <Image flipped="False" height="68" name="freesansbold.ttf_62_i" width="17" x="34" y="204"/>
    <Image flipped="False" height="68" name="freesansbold.ttf_62_h" width="38" x="21" y="272"/>
    <Image flipped="False" height="68" name="freesansbold.ttf_62_k" width="35" x="18" y="408"/>
    <Image flipped="False" height="68" name="freesansbold.ttf_62_j" width="18" x="0" y="408"/>
    <Image flipped="False" height="68" name="freesansbold.ttf_62_m" width="55" x="53" y="408"/>
    <Image flipped="False" height="68" name="freesansbold.ttf_62_l" width="17" x="38" y="340"/>
    <Image flipped="False" height="68" name="freesansbold.ttf_62_o" width="38" x="38" y="68"/>
    <Image flipped="False" height="68" name="freesansbold.ttf_62_n" width="38" x="55" y="340"/>
    <Image flipped="False" height="68" name="freesansbold.ttf_62_q" width="38" x="38" y="136"/>
    <Image flipped="False" height="68" name="freesansbold.ttf_62_p" width="38" x="68" y="0"/>
    <Image flipped="False" height="68" name="freesansbold.ttf_62_s" width="34" x="59" y="272"/>
    <Image flipped="False" height="68" name="freesansbold.ttf_62_r" width="24" x="51" y="204"/>
    <Image flipped="False" height="68" name="freesansbold.ttf_62_u" width="38" x="93" y="272"/>
    <Image flipped="False" height="68" name="freesansbold.ttf_62_t" width="21" x="75" y="204"/>
    <Image flipped="False" height="68" name="freesansbold.ttf_62_w" width="48" x="108" y="408"/>
    <Image flipped="False" height="68" name="freesansbold.ttf_62_v" width="34" x="93" y="340"/>
    <Image flipped="False" height="68" name="freesansbold.ttf_62_y" width="34" x="156" y="408"/>
    <Image flipped="False" height="68" name="freesansbold.ttf_62_x" width="34" x="127" y="340"/>
    <Image flipped="False" height="68" name="freesansbold.ttf_62_z" width="31" x="76" y="68"/>
    <Image flipped="False" height="68" name="freesansbold.ttf_62_A" width="45" x="106" y="0"/>
    <Image flipped="False" height="68" name="freesansbold.ttf_62_C" width="45" x="107" y="68"/>
    <Image flipped="False" height="68" name="freesansbold.ttf_62_B" width="45" x="76" y="136"/>
    <Image flipped="False" height="68" name="freesansbold.ttf_62_E" width="41" x="96" y="204"/>
    <Image flipped="False" height="68" name="freesansbold.ttf_62_D" width="45" x="151" y="0"/>
    <Image flipped="False" height="68" name="freesansbold.ttf_62_G" width="48" x="161" y="340"/>
    <Image flipped="False" height="68" name="freesansbold.ttf_62_F" width="38" x="131" y="272"/>
    <Image flipped="False" height="68" name="freesansbold.ttf_62_I" width="17" x="152" y="68"/>
    <Image flipped="False" height="68" name="freesansbold.ttf_62_H" width="45" x="121" y="136"/>
    <Image flipped="False" height="68" name="freesansbold.ttf_62_K" width="45" x="169" y="272"/>
    <Image flipped="False" height="68" name="freesansbold.ttf_62_J" width="34" x="137" y="204"/>
    <Image flipped="False" height="68" name="freesansbold.ttf_62_M" width="52" x="171" y="204"/>
    <Image flipped="False" height="68" name="freesansbold.ttf_62_L" width="38" x="166" y="136"/>
    <Image flipped="False" height="68" name="freesansbold.ttf_62_O" width="48" x="204" y="136"/>
    <Image flipped="False" height="68" name="freesansbold.ttf_62_N" width="45" x="169" y="68"/>
    <Image flipped="False" height="68" name="freesansbold.ttf_62_Q" width="48" x="214" y="68"/>
    <Image flipped="False" height="68" name="freesansbold.ttf_62_P" width="41" x="196" y="0"/>
    <Image flipped="False" height="68" name="freesansbold.ttf_62_S" width="41" x="190" y="408"/>
    <Image flipped="False" height="68" name="freesansbold.ttf_62_R" width="45" x="237" y="0"/>
    <Image flipped="False" height="68" name="freesansbold.ttf_62_U" width="45" x="214" y="272"/>
    <Image flipped="False" height="68" name="freesansbold.ttf_62_T" width="38" x="209" y="340"/>
    <Image flipped="False" height="68" name="freesansbold.ttf_62_W" width="59" x="252" y="136"/>
    <Image flipped="False" height="68" name="freesansbold.ttf_62_V" width="41" x="223" y="204"/>
    <Image flipped="False" height="68" name="freesansbold.ttf_62_Y" width="41" x="282" y="0"/>
    <Image flipped="False" height="68" name="freesansbold.ttf_62_X" width="41" x="262" y="68"/>
    <Image flipped="False" height="68" name="freesansbold.ttf_62_Z" width="38" x="303" y="68"/>
</Root>
