<?xml version="1.0" ?>
<Root>
    <Image flipped="False" height="17" name="freesansbold.ttf_16_x" width="9" x="20" y="85"/>
    <Image flipped="False" height="17" name="freesansbold.ttf_16_y" width="9" x="26" y="68"/>
    <Image flipped="False" height="17" name="freesansbold.ttf_16_z" width="8" x="27" y="102"/>
    <Image flipped="False" height="17" name="freesansbold.ttf_16_t" width="6" x="14" y="85"/>
    <Image flipped="False" height="17" name="freesansbold.ttf_16_u" width="10" x="16" y="68"/>
    <Image flipped="False" height="17" name="freesansbold.ttf_16_v" width="9" x="23" y="51"/>
    <Image flipped="False" height="17" name="freesansbold.ttf_16_w" width="13" x="14" y="102"/>
    <Image flipped="False" height="17" name="freesansbold.ttf_16_p" width="10" x="13" y="51"/>
    <Image flipped="False" height="17" name="freesansbold.ttf_16_q" width="10" x="20" y="34"/>
    <Image flipped="False" height="17" name="freesansbold.ttf_16_r" width="6" x="24" y="17"/>
    <Image flipped="False" height="17" name="freesansbold.ttf_16_s" width="9" x="28" y="0"/>
    <Image flipped="False" height="17" name="freesansbold.ttf_16_l" width="4" x="10" y="85"/>
    <Image flipped="False" height="17" name="freesansbold.ttf_16_m" width="14" x="10" y="17"/>
    <Image flipped="False" height="17" name="freesansbold.ttf_16_n" width="10" x="18" y="0"/>
    <Image flipped="False" height="17" name="freesansbold.ttf_16_o" width="10" x="10" y="34"/>
    <Image flipped="False" height="17" name="freesansbold.ttf_16_h" width="10" x="6" y="68"/>
    <Image flipped="False" height="17" name="freesansbold.ttf_16_i" width="4" x="9" y="51"/>
    <Image flipped="False" height="17" name="freesansbold.ttf_16_j" width="5" x="0" y="102"/>
    <Image flipped="False" height="17" name="freesansbold.ttf_16_k" width="9" x="5" y="102"/>
    <Image flipped="False" height="17" name="freesansbold.ttf_16_d" width="10" x="0" y="34"/>
    <Image flipped="False" height="17" name="freesansbold.ttf_16_e" width="9" x="0" y="51"/>
    <Image flipped="False" height="17" name="freesansbold.ttf_16_f" width="6" x="0" y="68"/>
    <Image flipped="False" height="17" name="freesansbold.ttf_16_g" width="10" x="0" y="85"/>
    <Image flipped="False" height="17" name="freesansbold.ttf_16_a" width="9" x="0" y="0"/>
    <Image flipped="False" height="17" name="freesansbold.ttf_16_b" width="10" x="0" y="17"/>
    <Image flipped="False" height="17" name="freesansbold.ttf_16_c" width="9" x="9" y="0"/>
    <Image flipped="False" height="17" name="freesansbold.ttf_16_X" width="11" x="69" y="102"/>
    <Image flipped="False" height="17" name="freesansbold.ttf_16_Y" width="11" x="64" y="34"/>
    <Image flipped="False" height="17" name="freesansbold.ttf_16_Z" width="10" x="66" y="17"/>
    <Image flipped="False" height="17" name="freesansbold.ttf_16_T" width="10" x="54" y="85"/>
    <Image flipped="False" height="17" name="freesansbold.ttf_16_U" width="12" x="59" y="68"/>
    <Image flipped="False" height="17" name="freesansbold.ttf_16_V" width="11" x="58" y="102"/>
    <Image flipped="False" height="17" name="freesansbold.ttf_16_W" width="15" x="64" y="85"/>
    <Image flipped="False" height="17" name="freesansbold.ttf_16_P" width="11" x="53" y="34"/>
    <Image flipped="False" height="17" name="freesansbold.ttf_16_Q" width="12" x="54" y="17"/>
    <Image flipped="False" height="17" name="freesansbold.ttf_16_R" width="12" x="62" y="0"/>
    <Image flipped="False" height="17" name="freesansbold.ttf_16_S" width="11" x="47" y="102"/>
    <Image flipped="False" height="17" name="freesansbold.ttf_16_L" width="10" x="42" y="51"/>
    <Image flipped="False" height="17" name="freesansbold.ttf_16_M" width="13" x="41" y="85"/>
    <Image flipped="False" height="17" name="freesansbold.ttf_16_N" width="12" x="47" y="68"/>
    <Image flipped="False" height="17" name="freesansbold.ttf_16_O" width="12" x="52" y="51"/>
    <Image flipped="False" height="17" name="freesansbold.ttf_16_H" width="12" x="42" y="17"/>
    <Image flipped="False" height="17" name="freesansbold.ttf_16_I" width="4" x="49" y="0"/>
    <Image flipped="False" height="17" name="freesansbold.ttf_16_J" width="9" x="53" y="0"/>
    <Image flipped="False" height="17" name="freesansbold.ttf_16_K" width="12" x="35" y="68"/>
    <Image flipped="False" height="17" name="freesansbold.ttf_16_D" width="12" x="37" y="0"/>
    <Image flipped="False" height="17" name="freesansbold.ttf_16_E" width="11" x="30" y="34"/>
    <Image flipped="False" height="17" name="freesansbold.ttf_16_F" width="10" x="32" y="51"/>
    <Image flipped="False" height="17" name="freesansbold.ttf_16_G" width="12" x="41" y="34"/>
    <Image flipped="False" height="17" name="freesansbold.ttf_16_A" width="12" x="29" y="85"/>
    <Image flipped="False" height="17" name="freesansbold.ttf_16_B" width="12" x="35" y="102"/>
    <Image flipped="False" height="17" name="freesansbold.ttf_16_C" width="12" x="30" y="17"/>
    <Image flipped="False" height="17" name="freesansbold.ttf_16_8" width="9" x="76" y="17"/>
    <Image flipped="False" height="17" name="freesansbold.ttf_16_9" width="9" x="84" y="34"/>
    <Image flipped="False" height="17" name="freesansbold.ttf_16_4" width="9" x="73" y="51"/>
    <Image flipped="False" height="17" name="freesansbold.ttf_16_5" width="9" x="80" y="68"/>
    <Image flipped="False" height="17" name="freesansbold.ttf_16_6" width="9" x="75" y="34"/>
    <Image flipped="False" height="17" name="freesansbold.ttf_16_7" width="9" x="82" y="51"/>
    <Image flipped="False" height="17" name="freesansbold.ttf_16_0" width="9" x="74" y="0"/>
    <Image flipped="False" height="17" name="freesansbold.ttf_16_1" width="9" x="64" y="51"/>
    <Image flipped="False" height="17" name="freesansbold.ttf_16_2" width="9" x="71" y="68"/>
    <Image flipped="False" height="17" name="freesansbold.ttf_16_3" width="9" x="79" y="85"/>
</Root>
