<?xml version="1.0" ?>
<Root>
    <Image flipped="False" height="4" name="freesansbold.ttf_4_6" width="3" x="10" y="20"/>
    <Image flipped="False" height="4" name="freesansbold.ttf_4_7" width="3" x="12" y="16"/>
    <Image flipped="False" height="4" name="freesansbold.ttf_4_4" width="4" x="9" y="36"/>
    <Image flipped="False" height="4" name="freesansbold.ttf_4_5" width="3" x="9" y="24"/>
    <Image flipped="False" height="4" name="freesansbold.ttf_4_2" width="3" x="6" y="28"/>
    <Image flipped="False" height="4" name="freesansbold.ttf_4_3" width="4" x="7" y="32"/>
    <Image flipped="False" height="4" name="freesansbold.ttf_4_0" width="3" x="9" y="16"/>
    <Image flipped="False" height="4" name="freesansbold.ttf_4_1" width="2" x="11" y="12"/>
    <Image flipped="False" height="4" name="freesansbold.ttf_4_8" width="3" x="9" y="28"/>
    <Image flipped="False" height="4" name="freesansbold.ttf_4_9" width="2" x="11" y="32"/>
    <Image flipped="False" height="4" name="freesansbold.ttf_4_F" width="3" x="3" y="8"/>
    <Image flipped="False" height="4" name="freesansbold.ttf_4_G" width="4" x="3" y="12"/>
    <Image flipped="False" height="4" name="freesansbold.ttf_4_D" width="3" x="3" y="4"/>
    <Image flipped="False" height="4" name="freesansbold.ttf_4_E" width="3" x="4" y="0"/>
    <Image flipped="False" height="4" name="freesansbold.ttf_4_B" width="3" x="6" y="56"/>
    <Image flipped="False" height="4" name="freesansbold.ttf_4_C" width="3" x="7" y="60"/>
    <Image flipped="False" height="4" name="freesansbold.ttf_4_A" width="3" x="4" y="60"/>
    <Image flipped="False" height="4" name="freesansbold.ttf_4_N" width="3" x="6" y="16"/>
    <Image flipped="False" height="4" name="freesansbold.ttf_4_O" width="4" x="7" y="12"/>
    <Image flipped="False" height="4" name="freesansbold.ttf_4_L" width="3" x="3" y="16"/>
    <Image flipped="False" height="4" name="freesansbold.ttf_4_M" width="4" x="3" y="20"/>
    <Image flipped="False" height="4" name="freesansbold.ttf_4_J" width="3" x="8" y="0"/>
    <Image flipped="False" height="4" name="freesansbold.ttf_4_K" width="3" x="6" y="8"/>
    <Image flipped="False" height="4" name="freesansbold.ttf_4_H" width="3" x="6" y="4"/>
    <Image flipped="False" height="4" name="freesansbold.ttf_4_I" width="1" x="7" y="0"/>
    <Image flipped="False" height="4" name="freesansbold.ttf_4_V" width="3" x="4" y="32"/>
    <Image flipped="False" height="4" name="freesansbold.ttf_4_W" width="4" x="5" y="36"/>
    <Image flipped="False" height="4" name="freesansbold.ttf_4_T" width="3" x="3" y="24"/>
    <Image flipped="False" height="4" name="freesansbold.ttf_4_U" width="3" x="3" y="28"/>
    <Image flipped="False" height="4" name="freesansbold.ttf_4_R" width="4" x="9" y="8"/>
    <Image flipped="False" height="4" name="freesansbold.ttf_4_S" width="3" x="12" y="4"/>
    <Image flipped="False" height="4" name="freesansbold.ttf_4_P" width="3" x="9" y="4"/>
    <Image flipped="False" height="4" name="freesansbold.ttf_4_Q" width="5" x="11" y="0"/>
    <Image flipped="False" height="4" name="freesansbold.ttf_4_Z" width="3" x="7" y="20"/>
    <Image flipped="False" height="4" name="freesansbold.ttf_4_X" width="3" x="7" y="40"/>
    <Image flipped="False" height="4" name="freesansbold.ttf_4_Y" width="3" x="6" y="24"/>
    <Image flipped="False" height="4" name="freesansbold.ttf_4_f" width="3" x="0" y="20"/>
    <Image flipped="False" height="4" name="freesansbold.ttf_4_g" width="3" x="0" y="24"/>
    <Image flipped="False" height="4" name="freesansbold.ttf_4_d" width="3" x="0" y="12"/>
    <Image flipped="False" height="4" name="freesansbold.ttf_4_e" width="3" x="0" y="16"/>
    <Image flipped="False" height="4" name="freesansbold.ttf_4_b" width="3" x="0" y="4"/>
    <Image flipped="False" height="4" name="freesansbold.ttf_4_c" width="3" x="0" y="8"/>
    <Image flipped="False" height="4" name="freesansbold.ttf_4_a" width="4" x="0" y="0"/>
    <Image flipped="False" height="4" name="freesansbold.ttf_4_n" width="3" x="1" y="40"/>
    <Image flipped="False" height="4" name="freesansbold.ttf_4_o" width="3" x="2" y="36"/>
    <Image flipped="False" height="4" name="freesansbold.ttf_4_l" width="1" x="0" y="40"/>
    <Image flipped="False" height="4" name="freesansbold.ttf_4_m" width="5" x="0" y="44"/>
    <Image flipped="False" height="4" name="freesansbold.ttf_4_j" width="2" x="0" y="36"/>
    <Image flipped="False" height="4" name="freesansbold.ttf_4_k" width="3" x="1" y="32"/>
    <Image flipped="False" height="4" name="freesansbold.ttf_4_h" width="3" x="0" y="28"/>
    <Image flipped="False" height="4" name="freesansbold.ttf_4_i" width="1" x="0" y="32"/>
    <Image flipped="False" height="4" name="freesansbold.ttf_4_v" width="3" x="5" y="44"/>
    <Image flipped="False" height="4" name="freesansbold.ttf_4_w" width="4" x="0" y="60"/>
    <Image flipped="False" height="4" name="freesansbold.ttf_4_t" width="3" x="2" y="52"/>
    <Image flipped="False" height="4" name="freesansbold.ttf_4_u" width="3" x="3" y="48"/>
    <Image flipped="False" height="4" name="freesansbold.ttf_4_r" width="2" x="0" y="52"/>
    <Image flipped="False" height="4" name="freesansbold.ttf_4_s" width="3" x="0" y="56"/>
    <Image flipped="False" height="4" name="freesansbold.ttf_4_p" width="3" x="4" y="40"/>
    <Image flipped="False" height="4" name="freesansbold.ttf_4_q" width="3" x="0" y="48"/>
    <Image flipped="False" height="4" name="freesansbold.ttf_4_z" width="2" x="6" y="48"/>
    <Image flipped="False" height="4" name="freesansbold.ttf_4_x" width="3" x="3" y="56"/>
    <Image flipped="False" height="4" name="freesansbold.ttf_4_y" width="3" x="5" y="52"/>
</Root>
