<?xml version="1.0" ?>
<Root>
    <Image flipped="False" height="35" name="freesansbold.ttf_32_8" width="18" x="151" y="175"/>
    <Image flipped="False" height="35" name="freesansbold.ttf_32_9" width="18" x="154" y="140"/>
    <Image flipped="False" height="35" name="freesansbold.ttf_32_2" width="19" x="135" y="140"/>
    <Image flipped="False" height="35" name="freesansbold.ttf_32_3" width="18" x="142" y="105"/>
    <Image flipped="False" height="35" name="freesansbold.ttf_32_0" width="18" x="120" y="210"/>
    <Image flipped="False" height="35" name="freesansbold.ttf_32_1" width="18" x="133" y="175"/>
    <Image flipped="False" height="35" name="freesansbold.ttf_32_6" width="18" x="172" y="0"/>
    <Image flipped="False" height="35" name="freesansbold.ttf_32_7" width="18" x="138" y="210"/>
    <Image flipped="False" height="35" name="freesansbold.ttf_32_4" width="18" x="156" y="70"/>
    <Image flipped="False" height="35" name="freesansbold.ttf_32_5" width="18" x="170" y="35"/>
    <Image flipped="False" height="35" name="freesansbold.ttf_32_j" width="10" x="0" y="210"/>
    <Image flipped="False" height="35" name="freesansbold.ttf_32_k" width="18" x="10" y="210"/>
    <Image flipped="False" height="35" name="freesansbold.ttf_32_h" width="20" x="11" y="140"/>
    <Image flipped="False" height="35" name="freesansbold.ttf_32_i" width="9" x="18" y="105"/>
    <Image flipped="False" height="35" name="freesansbold.ttf_32_n" width="20" x="29" y="175"/>
    <Image flipped="False" height="35" name="freesansbold.ttf_32_o" width="20" x="20" y="35"/>
    <Image flipped="False" height="35" name="freesansbold.ttf_32_l" width="9" x="20" y="175"/>
    <Image flipped="False" height="35" name="freesansbold.ttf_32_m" width="28" x="28" y="210"/>
    <Image flipped="False" height="35" name="freesansbold.ttf_32_b" width="20" x="0" y="35"/>
    <Image flipped="False" height="35" name="freesansbold.ttf_32_c" width="18" x="18" y="0"/>
    <Image flipped="False" height="35" name="freesansbold.ttf_32_a" width="18" x="0" y="0"/>
    <Image flipped="False" height="35" name="freesansbold.ttf_32_f" width="11" x="0" y="140"/>
    <Image flipped="False" height="35" name="freesansbold.ttf_32_g" width="20" x="0" y="175"/>
    <Image flipped="False" height="35" name="freesansbold.ttf_32_d" width="20" x="0" y="70"/>
    <Image flipped="False" height="35" name="freesansbold.ttf_32_e" width="18" x="0" y="105"/>
    <Image flipped="False" height="35" name="freesansbold.ttf_32_z" width="16" x="40" y="35"/>
    <Image flipped="False" height="35" name="freesansbold.ttf_32_x" width="18" x="67" y="175"/>
    <Image flipped="False" height="35" name="freesansbold.ttf_32_y" width="18" x="81" y="210"/>
    <Image flipped="False" height="35" name="freesansbold.ttf_32_r" width="12" x="27" y="105"/>
    <Image flipped="False" height="35" name="freesansbold.ttf_32_s" width="18" x="31" y="140"/>
    <Image flipped="False" height="35" name="freesansbold.ttf_32_p" width="20" x="36" y="0"/>
    <Image flipped="False" height="35" name="freesansbold.ttf_32_q" width="20" x="20" y="70"/>
    <Image flipped="False" height="35" name="freesansbold.ttf_32_v" width="18" x="49" y="175"/>
    <Image flipped="False" height="35" name="freesansbold.ttf_32_w" width="25" x="56" y="210"/>
    <Image flipped="False" height="35" name="freesansbold.ttf_32_t" width="11" x="39" y="105"/>
    <Image flipped="False" height="35" name="freesansbold.ttf_32_u" width="20" x="49" y="140"/>
    <Image flipped="False" height="35" name="freesansbold.ttf_32_J" width="18" x="72" y="70"/>
    <Image flipped="False" height="35" name="freesansbold.ttf_32_K" width="23" x="81" y="35"/>
    <Image flipped="False" height="35" name="freesansbold.ttf_32_H" width="23" x="76" y="0"/>
    <Image flipped="False" height="35" name="freesansbold.ttf_32_I" width="9" x="63" y="70"/>
    <Image flipped="False" height="35" name="freesansbold.ttf_32_N" width="23" x="92" y="140"/>
    <Image flipped="False" height="35" name="freesansbold.ttf_32_O" width="25" x="108" y="175"/>
    <Image flipped="False" height="35" name="freesansbold.ttf_32_L" width="20" x="99" y="0"/>
    <Image flipped="False" height="35" name="freesansbold.ttf_32_M" width="27" x="73" y="105"/>
    <Image flipped="False" height="35" name="freesansbold.ttf_32_B" width="23" x="50" y="105"/>
    <Image flipped="False" height="35" name="freesansbold.ttf_32_C" width="23" x="69" y="140"/>
    <Image flipped="False" height="35" name="freesansbold.ttf_32_A" width="23" x="40" y="70"/>
    <Image flipped="False" height="35" name="freesansbold.ttf_32_F" width="20" x="56" y="0"/>
    <Image flipped="False" height="35" name="freesansbold.ttf_32_G" width="25" x="56" y="35"/>
    <Image flipped="False" height="35" name="freesansbold.ttf_32_D" width="23" x="85" y="175"/>
    <Image flipped="False" height="35" name="freesansbold.ttf_32_E" width="21" x="99" y="210"/>
    <Image flipped="False" height="35" name="freesansbold.ttf_32_Z" width="20" x="150" y="35"/>
    <Image flipped="False" height="35" name="freesansbold.ttf_32_X" width="21" x="121" y="105"/>
    <Image flipped="False" height="35" name="freesansbold.ttf_32_Y" width="22" x="134" y="70"/>
    <Image flipped="False" height="35" name="freesansbold.ttf_32_R" width="23" x="119" y="0"/>
    <Image flipped="False" height="35" name="freesansbold.ttf_32_S" width="21" x="100" y="105"/>
    <Image flipped="False" height="35" name="freesansbold.ttf_32_P" width="21" x="90" y="70"/>
    <Image flipped="False" height="35" name="freesansbold.ttf_32_Q" width="25" x="104" y="35"/>
    <Image flipped="False" height="35" name="freesansbold.ttf_32_V" width="21" x="129" y="35"/>
    <Image flipped="False" height="35" name="freesansbold.ttf_32_W" width="30" x="142" y="0"/>
    <Image flipped="False" height="35" name="freesansbold.ttf_32_T" width="20" x="115" y="140"/>
    <Image flipped="False" height="35" name="freesansbold.ttf_32_U" width="23" x="111" y="70"/>
</Root>
