<?xml version="1.0" ?>
<Root>
    <Atlas border="1" height="2048" mode="RGBA" name="ALL" type="tga" width="512">
        <image flipped="False" height="128" imagefile="ball01.tga" width="128" x="259" y="1"/>
        <image flipped="False" height="128" imagefile="ball02.tga" width="128" x="259" y="259"/>
        <image flipped="False" height="128" imagefile="ball03.tga" width="128" x="259" y="517"/>
        <image flipped="False" height="128" imagefile="ball04.tga" width="128" x="259" y="775"/>
        <image flipped="False" height="128" imagefile="ball05.tga" width="128" x="259" y="1033"/>
        <image flipped="False" height="128" imagefile="ball06.tga" width="128" x="1" y="1291"/>
        <image flipped="False" height="128" imagefile="ball07.tga" width="128" x="131" y="1291"/>
        <image flipped="False" height="128" imagefile="ball08.tga" width="128" x="261" y="1291"/>
        <image flipped="False" height="128" imagefile="ball09.tga" width="128" x="1" y="1421"/>
        <image flipped="False" height="128" imagefile="ball10.tga" width="128" x="131" y="1421"/>
        <image flipped="False" height="128" imagefile="ball11.tga" width="128" x="261" y="1421"/>
        <image flipped="False" height="128" imagefile="ball12.tga" width="128" x="1" y="1551"/>
        <image flipped="False" height="128" imagefile="ball13.tga" width="128" x="131" y="1551"/>
        <image flipped="False" height="128" imagefile="ball14.tga" width="128" x="261" y="1551"/>
        <image flipped="False" height="128" imagefile="ball15.tga" width="128" x="1" y="1681"/>
        <image flipped="False" height="16" imagefile="checkDefault.tga" width="16" x="407" y="100"/>
        <image flipped="False" height="16" imagefile="checkDefaultChecked.tga" width="16" x="425" y="100"/>
        <image flipped="False" height="16" imagefile="checkHover.tga" width="16" x="443" y="100"/>
        <image flipped="False" height="16" imagefile="checkHoverChecked.tga" width="16" x="461" y="100"/>
        <image flipped="False" height="128" imagefile="clouds.tga" width="128" x="131" y="1681"/>
        <image flipped="False" height="128" imagefile="CueTexNew.tga" width="128" x="261" y="1681"/>
        <image flipped="False" height="31" imagefile="dBut.tga" width="108" x="389" y="1"/>
        <image flipped="False" height="30" imagefile="fontBackground.tga" width="100" x="369" y="131"/>
        <image flipped="False" height="30" imagefile="fontBackgroundA.tga" width="100" x="259" y="164"/>
        <image flipped="False" height="256" imagefile="greenfelt.tga" width="256" x="1" y="1"/>
        <image flipped="False" height="31" imagefile="hBut.tga" width="108" x="389" y="34"/>
        <image flipped="False" height="256" imagefile="Instructions.tga" width="256" x="1" y="259"/>
        <image flipped="False" height="256" imagefile="MainMenuBackground.tga" width="256" x="1" y="517"/>
        <image flipped="False" height="128" imagefile="Marble.tga" width="128" x="1" y="1811"/>
        <image flipped="False" height="256" imagefile="PanelOutline.tga" width="256" x="1" y="775"/>
        <image flipped="False" height="31" imagefile="pBut.tga" width="108" x="389" y="67"/>
        <image flipped="False" height="128" imagefile="Pool3dLogo.tga" width="128" x="131" y="1811"/>
        <image flipped="False" height="256" imagefile="PoolTableTex.tga" width="256" x="1" y="1033"/>
        <image flipped="True" height="16" imagefile="sliderBut.tga" width="20" x="389" y="100"/>
        <image flipped="False" height="31" imagefile="tbBack.tga" width="108" x="259" y="131"/>
        <image flipped="False" height="128" imagefile="wood3.tga" width="128" x="261" y="1811"/>
    </Atlas>
    <Atlas border="1" height="2048" mode="RGBA" name="INGAME" type="tga" width="512">
        <image flipped="False" height="128" imagefile="ball01.tga" width="128" x="259" y="1"/>
        <image flipped="False" height="128" imagefile="ball02.tga" width="128" x="259" y="259"/>
        <image flipped="False" height="128" imagefile="ball03.tga" width="128" x="1" y="517"/>
        <image flipped="False" height="128" imagefile="ball04.tga" width="128" x="131" y="517"/>
        <image flipped="False" height="128" imagefile="ball05.tga" width="128" x="261" y="517"/>
        <image flipped="False" height="128" imagefile="ball06.tga" width="128" x="1" y="647"/>
        <image flipped="False" height="128" imagefile="ball07.tga" width="128" x="131" y="647"/>
        <image flipped="False" height="128" imagefile="ball08.tga" width="128" x="261" y="647"/>
        <image flipped="False" height="128" imagefile="ball09.tga" width="128" x="1" y="777"/>
        <image flipped="False" height="128" imagefile="ball10.tga" width="128" x="131" y="777"/>
        <image flipped="False" height="128" imagefile="ball11.tga" width="128" x="261" y="777"/>
        <image flipped="False" height="128" imagefile="ball12.tga" width="128" x="1" y="907"/>
        <image flipped="False" height="128" imagefile="ball13.tga" width="128" x="131" y="907"/>
        <image flipped="False" height="128" imagefile="ball14.tga" width="128" x="261" y="907"/>
        <image flipped="False" height="128" imagefile="ball15.tga" width="128" x="1" y="1037"/>
        <image flipped="False" height="128" imagefile="clouds.tga" width="128" x="131" y="1037"/>
        <image flipped="False" height="128" imagefile="CueTexNew.tga" width="128" x="261" y="1037"/>
        <image flipped="False" height="256" imagefile="greenfelt.tga" width="256" x="1" y="1"/>
        <image flipped="False" height="128" imagefile="Marble.tga" width="128" x="1" y="1167"/>
        <image flipped="False" height="256" imagefile="PoolTableTex.tga" width="256" x="1" y="259"/>
        <image flipped="False" height="128" imagefile="wood3.tga" width="128" x="131" y="1167"/>
    </Atlas>
    <Atlas border="1" height="1024" mode="RGBA" name="UI" type="tga" width="512">
        <image flipped="False" height="16" imagefile="checkDefault.tga" width="16" x="407" y="100"/>
        <image flipped="False" height="16" imagefile="checkDefaultChecked.tga" width="16" x="425" y="100"/>
        <image flipped="False" height="16" imagefile="checkHover.tga" width="16" x="443" y="100"/>
        <image flipped="False" height="16" imagefile="checkHoverChecked.tga" width="16" x="461" y="100"/>
        <image flipped="False" height="31" imagefile="dBut.tga" width="108" x="389" y="1"/>
        <image flipped="False" height="30" imagefile="fontBackground.tga" width="100" x="369" y="131"/>
        <image flipped="False" height="30" imagefile="fontBackgroundA.tga" width="100" x="259" y="164"/>
        <image flipped="False" height="31" imagefile="hBut.tga" width="108" x="389" y="34"/>
        <image flipped="False" height="256" imagefile="Instructions.tga" width="256" x="1" y="1"/>
        <image flipped="False" height="256" imagefile="MainMenuBackground.tga" width="256" x="1" y="259"/>
        <image flipped="False" height="31" imagefile="pBut.tga" width="108" x="389" y="67"/>
        <image flipped="False" height="128" imagefile="Pool3dLogo.tga" width="128" x="259" y="1"/>
        <image flipped="True" height="16" imagefile="sliderBut.tga" width="20" x="389" y="100"/>
        <image flipped="False" height="31" imagefile="tbBack.tga" width="108" x="259" y="131"/>
    </Atlas>
</Root>