<?xml version="1.0" ?>
<Root>
    <Atlas border="1" height="1024" mode="RGBA" name="ALL" type="tga" width="1024">
        <Image flipped="False" height="16" name="checkHover.tga" width="16" x="128" y="160"/>
        <Image flipped="False" height="128" name="ball02.tga" width="128" x="0" y="128"/>
        <Image flipped="False" height="16" name="checkHoverChecked.tga" width="16" x="128" y="176"/>
        <Image flipped="False" height="128" name="ball15.tga" width="128" x="896" y="0"/>
        <Image flipped="False" height="256" name="Instructions.tga" width="256" x="344" y="159"/>
        <Image flipped="False" height="128" name="ball10.tga" width="128" x="256" y="0"/>
        <Image flipped="False" height="128" name="Marble.tga" width="128" x="600" y="128"/>
        <Image flipped="False" height="256" name="MainMenuBackground.tga" width="256" x="128" y="704"/>
        <Image flipped="False" height="30" name="fontBackground.tga" width="100" x="144" y="159"/>
        <Image flipped="False" height="128" name="Pool3dLogo.tga" width="128" x="600" y="256"/>
        <Image flipped="False" height="31" name="hBut.tga" width="108" x="252" y="128"/>
        <Image flipped="False" height="128" name="ball07.tga" width="128" x="0" y="768"/>
        <Image flipped="False" height="256" name="greenfelt.tga" width="256" x="128" y="448"/>
        <Image flipped="False" height="128" name="ball12.tga" width="128" x="512" y="0"/>
        <Image flipped="False" height="128" name="wood3.tga" width="128" x="856" y="384"/>
        <Image flipped="False" height="256" name="PanelOutline.tga" width="256" x="728" y="128"/>
        <Image flipped="False" height="128" name="clouds.tga" width="128" x="128" y="192"/>
        <Image flipped="False" height="128" name="ball08.tga" width="128" x="0" y="896"/>
        <Image flipped="False" height="128" name="ball11.tga" width="128" x="384" y="0"/>
        <Image flipped="False" height="31" name="tbBack.tga" width="108" x="484" y="128"/>
        <Image flipped="False" height="128" name="ball06.tga" width="128" x="0" y="640"/>
        <Image flipped="False" height="128" name="ball13.tga" width="128" x="640" y="0"/>
        <Image flipped="False" height="128" name="ball09.tga" width="128" x="128" y="0"/>
        <Image flipped="False" height="20" name="sliderBut.tga" width="16" x="468" y="128"/>
        <Image flipped="False" height="128" name="ball03.tga" width="128" x="0" y="256"/>
        <Image flipped="False" height="31" name="dBut.tga" width="108" x="144" y="128"/>
        <Image flipped="False" height="128" name="ball04.tga" width="128" x="0" y="384"/>
        <Image flipped="False" height="128" name="CueTexNew.tga" width="128" x="128" y="320"/>
        <Image flipped="False" height="31" name="pBut.tga" width="108" x="360" y="128"/>
        <Image flipped="False" height="16" name="checkDefault.tga" width="16" x="128" y="128"/>
        <Image flipped="False" height="16" name="checkDefaultChecked.tga" width="16" x="128" y="144"/>
        <Image flipped="False" height="30" name="fontBackgroundA.tga" width="100" x="244" y="159"/>
        <Image flipped="False" height="128" name="ball14.tga" width="128" x="768" y="0"/>
        <Image flipped="False" height="128" name="ball01.tga" width="128" x="0" y="0"/>
        <Image flipped="False" height="128" name="ball05.tga" width="128" x="0" y="512"/>
        <Image flipped="False" height="256" name="PoolTableTex.tga" width="256" x="600" y="384"/>
    </Atlas>
</Root>
