<?xml version="1.0" ?>
<Root>
    <Atlas border="1" height="2048" mode="RGBA" name="ALL" type="tga" width="512">
        <image flipped="False" height="0.0625" imagefile="ball01.tga" width="0.25" x="0.505859375" y="0.00048828125"/>
        <image flipped="False" height="0.0625" imagefile="ball02.tga" width="0.25" x="0.505859375" y="0.12646484375"/>
        <image flipped="False" height="0.0625" imagefile="ball03.tga" width="0.25" x="0.505859375" y="0.25244140625"/>
        <image flipped="False" height="0.0625" imagefile="ball04.tga" width="0.25" x="0.505859375" y="0.37841796875"/>
        <image flipped="False" height="0.0625" imagefile="ball05.tga" width="0.25" x="0.505859375" y="0.50439453125"/>
        <image flipped="False" height="0.0625" imagefile="ball06.tga" width="0.25" x="0.001953125" y="0.63037109375"/>
        <image flipped="False" height="0.0625" imagefile="ball07.tga" width="0.25" x="0.255859375" y="0.63037109375"/>
        <image flipped="False" height="0.0625" imagefile="ball08.tga" width="0.25" x="0.509765625" y="0.63037109375"/>
        <image flipped="False" height="0.0625" imagefile="ball09.tga" width="0.25" x="0.001953125" y="0.69384765625"/>
        <image flipped="False" height="0.0625" imagefile="ball10.tga" width="0.25" x="0.255859375" y="0.69384765625"/>
        <image flipped="False" height="0.0625" imagefile="ball11.tga" width="0.25" x="0.509765625" y="0.69384765625"/>
        <image flipped="False" height="0.0625" imagefile="ball12.tga" width="0.25" x="0.001953125" y="0.75732421875"/>
        <image flipped="False" height="0.0625" imagefile="ball13.tga" width="0.25" x="0.255859375" y="0.75732421875"/>
        <image flipped="False" height="0.0625" imagefile="ball14.tga" width="0.25" x="0.509765625" y="0.75732421875"/>
        <image flipped="False" height="0.0625" imagefile="ball15.tga" width="0.25" x="0.001953125" y="0.82080078125"/>
        <image flipped="False" height="0.0078125" imagefile="checkDefault.tga" width="0.03125" x="0.794921875" y="0.048828125"/>
        <image flipped="False" height="0.0078125" imagefile="checkDefaultChecked.tga" width="0.03125" x="0.830078125" y="0.048828125"/>
        <image flipped="False" height="0.0078125" imagefile="checkHover.tga" width="0.03125" x="0.865234375" y="0.048828125"/>
        <image flipped="False" height="0.0078125" imagefile="checkHoverChecked.tga" width="0.03125" x="0.900390625" y="0.048828125"/>
        <image flipped="False" height="0.0625" imagefile="clouds.tga" width="0.25" x="0.255859375" y="0.82080078125"/>
        <image flipped="False" height="0.0625" imagefile="CueTexNew.tga" width="0.25" x="0.509765625" y="0.82080078125"/>
        <image flipped="False" height="0.01513671875" imagefile="dBut.tga" width="0.2109375" x="0.759765625" y="0.00048828125"/>
        <image flipped="False" height="0.0146484375" imagefile="fontBackground.tga" width="0.1953125" x="0.720703125" y="0.06396484375"/>
        <image flipped="False" height="0.0146484375" imagefile="fontBackgroundA.tga" width="0.1953125" x="0.505859375" y="0.080078125"/>
        <image flipped="False" height="0.125" imagefile="greenfelt.tga" width="0.5" x="0.001953125" y="0.00048828125"/>
        <image flipped="False" height="0.01513671875" imagefile="hBut.tga" width="0.2109375" x="0.759765625" y="0.0166015625"/>
        <image flipped="False" height="0.125" imagefile="Instructions.tga" width="0.5" x="0.001953125" y="0.12646484375"/>
        <image flipped="False" height="0.125" imagefile="MainMenuBackground.tga" width="0.5" x="0.001953125" y="0.25244140625"/>
        <image flipped="False" height="0.0625" imagefile="Marble.tga" width="0.25" x="0.001953125" y="0.88427734375"/>
        <image flipped="False" height="0.125" imagefile="PanelOutline.tga" width="0.5" x="0.001953125" y="0.37841796875"/>
        <image flipped="False" height="0.01513671875" imagefile="pBut.tga" width="0.2109375" x="0.759765625" y="0.03271484375"/>
        <image flipped="False" height="0.0625" imagefile="Pool3dLogo.tga" width="0.25" x="0.255859375" y="0.88427734375"/>
        <image flipped="False" height="0.125" imagefile="PoolTableTex.tga" width="0.5" x="0.001953125" y="0.50439453125"/>
        <image flipped="True" height="0.0078125" imagefile="sliderBut.tga" width="0.0390625" x="0.759765625" y="0.048828125"/>
        <image flipped="False" height="0.01513671875" imagefile="tbBack.tga" width="0.2109375" x="0.505859375" y="0.06396484375"/>
        <image flipped="False" height="0.0625" imagefile="wood3.tga" width="0.25" x="0.509765625" y="0.88427734375"/>
    </Atlas>
    <Atlas border="1" height="2048" mode="RGBA" name="INGAME" type="tga" width="512">
        <image flipped="False" height="0.0625" imagefile="ball01.tga" width="0.25" x="0.505859375" y="0.00048828125"/>
        <image flipped="False" height="0.0625" imagefile="ball02.tga" width="0.25" x="0.505859375" y="0.12646484375"/>
        <image flipped="False" height="0.0625" imagefile="ball03.tga" width="0.25" x="0.001953125" y="0.25244140625"/>
        <image flipped="False" height="0.0625" imagefile="ball04.tga" width="0.25" x="0.255859375" y="0.25244140625"/>
        <image flipped="False" height="0.0625" imagefile="ball05.tga" width="0.25" x="0.509765625" y="0.25244140625"/>
        <image flipped="False" height="0.0625" imagefile="ball06.tga" width="0.25" x="0.001953125" y="0.31591796875"/>
        <image flipped="False" height="0.0625" imagefile="ball07.tga" width="0.25" x="0.255859375" y="0.31591796875"/>
        <image flipped="False" height="0.0625" imagefile="ball08.tga" width="0.25" x="0.509765625" y="0.31591796875"/>
        <image flipped="False" height="0.0625" imagefile="ball09.tga" width="0.25" x="0.001953125" y="0.37939453125"/>
        <image flipped="False" height="0.0625" imagefile="ball10.tga" width="0.25" x="0.255859375" y="0.37939453125"/>
        <image flipped="False" height="0.0625" imagefile="ball11.tga" width="0.25" x="0.509765625" y="0.37939453125"/>
        <image flipped="False" height="0.0625" imagefile="ball12.tga" width="0.25" x="0.001953125" y="0.44287109375"/>
        <image flipped="False" height="0.0625" imagefile="ball13.tga" width="0.25" x="0.255859375" y="0.44287109375"/>
        <image flipped="False" height="0.0625" imagefile="ball14.tga" width="0.25" x="0.509765625" y="0.44287109375"/>
        <image flipped="False" height="0.0625" imagefile="ball15.tga" width="0.25" x="0.001953125" y="0.50634765625"/>
        <image flipped="False" height="0.0625" imagefile="clouds.tga" width="0.25" x="0.255859375" y="0.50634765625"/>
        <image flipped="False" height="0.0625" imagefile="CueTexNew.tga" width="0.25" x="0.509765625" y="0.50634765625"/>
        <image flipped="False" height="0.125" imagefile="greenfelt.tga" width="0.5" x="0.001953125" y="0.00048828125"/>
        <image flipped="False" height="0.0625" imagefile="Marble.tga" width="0.25" x="0.001953125" y="0.56982421875"/>
        <image flipped="False" height="0.125" imagefile="PoolTableTex.tga" width="0.5" x="0.001953125" y="0.12646484375"/>
        <image flipped="False" height="0.0625" imagefile="wood3.tga" width="0.25" x="0.255859375" y="0.56982421875"/>
    </Atlas>
    <Atlas border="1" height="1024" mode="RGBA" name="UI" type="tga" width="512">
        <image flipped="False" height="0.015625" imagefile="checkDefault.tga" width="0.03125" x="0.794921875" y="0.09765625"/>
        <image flipped="False" height="0.015625" imagefile="checkDefaultChecked.tga" width="0.03125" x="0.830078125" y="0.09765625"/>
        <image flipped="False" height="0.015625" imagefile="checkHover.tga" width="0.03125" x="0.865234375" y="0.09765625"/>
        <image flipped="False" height="0.015625" imagefile="checkHoverChecked.tga" width="0.03125" x="0.900390625" y="0.09765625"/>
        <image flipped="False" height="0.0302734375" imagefile="dBut.tga" width="0.2109375" x="0.759765625" y="0.0009765625"/>
        <image flipped="False" height="0.029296875" imagefile="fontBackground.tga" width="0.1953125" x="0.720703125" y="0.1279296875"/>
        <image flipped="False" height="0.029296875" imagefile="fontBackgroundA.tga" width="0.1953125" x="0.505859375" y="0.16015625"/>
        <image flipped="False" height="0.0302734375" imagefile="hBut.tga" width="0.2109375" x="0.759765625" y="0.033203125"/>
        <image flipped="False" height="0.25" imagefile="Instructions.tga" width="0.5" x="0.001953125" y="0.0009765625"/>
        <image flipped="False" height="0.25" imagefile="MainMenuBackground.tga" width="0.5" x="0.001953125" y="0.2529296875"/>
        <image flipped="False" height="0.0302734375" imagefile="pBut.tga" width="0.2109375" x="0.759765625" y="0.0654296875"/>
        <image flipped="False" height="0.125" imagefile="Pool3dLogo.tga" width="0.25" x="0.505859375" y="0.0009765625"/>
        <image flipped="True" height="0.015625" imagefile="sliderBut.tga" width="0.0390625" x="0.759765625" y="0.09765625"/>
        <image flipped="False" height="0.0302734375" imagefile="tbBack.tga" width="0.2109375" x="0.505859375" y="0.1279296875"/>
    </Atlas>
</Root>