<?xml version="1.0" ?>
<Root>
    <Atlas border="1" height="1024" mode="RGBA" name="INGAME" type="png" width="1024">
        <image height="0.125" imagefile="ball01.tga" width="0.125" x="0.0009765625" y="0.0009765625"/>
        <image height="0.125" imagefile="ball02.tga" width="0.125" x="0.126953125" y="0.0009765625"/>
        <image height="0.125" imagefile="ball03.tga" width="0.125" x="0.2529296875" y="0.0009765625"/>
        <image height="0.125" imagefile="ball04.tga" width="0.125" x="0.37890625" y="0.0009765625"/>
        <image height="0.125" imagefile="ball05.tga" width="0.125" x="0.5048828125" y="0.0009765625"/>
        <image height="0.125" imagefile="ball06.tga" width="0.125" x="0.630859375" y="0.0009765625"/>
        <image height="0.125" imagefile="ball07.tga" width="0.125" x="0.7568359375" y="0.0009765625"/>
        <image height="0.125" imagefile="ball08.tga" width="0.125" x="0.0009765625" y="0.1279296875"/>
        <image height="0.125" imagefile="ball09.tga" width="0.125" x="0.126953125" y="0.1279296875"/>
        <image height="0.125" imagefile="ball10.tga" width="0.125" x="0.2529296875" y="0.1279296875"/>
        <image height="0.125" imagefile="ball11.tga" width="0.125" x="0.37890625" y="0.1279296875"/>
        <image height="0.125" imagefile="ball12.tga" width="0.125" x="0.5048828125" y="0.1279296875"/>
        <image height="0.125" imagefile="ball13.tga" width="0.125" x="0.630859375" y="0.1279296875"/>
        <image height="0.125" imagefile="ball14.tga" width="0.125" x="0.7568359375" y="0.1279296875"/>
        <image height="0.125" imagefile="ball15.tga" width="0.125" x="0.0009765625" y="0.2548828125"/>
        <image height="0.125" imagefile="clouds.tga" width="0.125" x="0.126953125" y="0.2548828125"/>
        <image height="0.125" imagefile="CueTexNew.tga" width="0.125" x="0.2529296875" y="0.2548828125"/>
        <image height="0.125" imagefile="Marble.tga" width="0.125" x="0.37890625" y="0.2548828125"/>
        <image height="0.125" imagefile="wood3.tga" width="0.125" x="0.5048828125" y="0.2548828125"/>
        <image height="0.25" imagefile="greenfelt.tga" width="0.25" x="0.630859375" y="0.2548828125"/>
        <image height="0.25" imagefile="PoolTableTex.tga" width="0.25" x="0.0009765625" y="0.3818359375"/>
    </Atlas>
    <Atlas border="1" height="1024" mode="RGBA" name="UI" type="png" width="1024">
        <image height="0.015625" imagefile="checkDefault.tga" width="0.015625" x="0.0009765625" y="0.0009765625"/>
        <image height="0.015625" imagefile="checkDefaultChecked.tga" width="0.015625" x="0.017578125" y="0.0009765625"/>
        <image height="0.015625" imagefile="checkHover.tga" width="0.015625" x="0.0341796875" y="0.0009765625"/>
        <image height="0.015625" imagefile="checkHoverChecked.tga" width="0.015625" x="0.05078125" y="0.0009765625"/>
        <image height="0.01953125" imagefile="sliderBut.tga" width="0.015625" x="0.0673828125" y="0.0009765625"/>
        <image height="0.029296875" imagefile="fontBackground.tga" width="0.09765625" x="0.083984375" y="0.0009765625"/>
        <image height="0.029296875" imagefile="fontBackgroundA.tga" width="0.09765625" x="0.1826171875" y="0.0009765625"/>
        <image height="0.0302734375" imagefile="dBut.tga" width="0.10546875" x="0.28125" y="0.0009765625"/>
        <image height="0.0302734375" imagefile="hBut.tga" width="0.10546875" x="0.3876953125" y="0.0009765625"/>
        <image height="0.0302734375" imagefile="pBut.tga" width="0.10546875" x="0.494140625" y="0.0009765625"/>
        <image height="0.0302734375" imagefile="tbBack.tga" width="0.10546875" x="0.6005859375" y="0.0009765625"/>
        <image height="0.125" imagefile="Pool3dLogo.tga" width="0.125" x="0.70703125" y="0.0009765625"/>
        <image height="0.25" imagefile="Instructions.tga" width="0.25" x="0.8330078125" y="0.0009765625"/>
        <image height="0.25" imagefile="MainMenuBackground.tga" width="0.25" x="0.0009765625" y="0.1279296875"/>
    </Atlas>
</Root>