<?xml version="1.0" ?>
<Root>
    <Atlas border="1" height="1024" mode="RGBA" name="INGAME" type="tga" width="1024">
        <Image flipped="False" height="128" name="ball10.tga" width="128" x="256" y="0"/>
        <Image flipped="False" height="128" name="clouds.tga" width="128" x="128" y="128"/>
        <Image flipped="False" height="128" name="ball08.tga" width="128" x="0" y="896"/>
        <Image flipped="False" height="128" name="ball02.tga" width="128" x="0" y="128"/>
        <Image flipped="False" height="128" name="ball11.tga" width="128" x="384" y="0"/>
        <Image flipped="False" height="128" name="ball06.tga" width="128" x="0" y="640"/>
        <Image flipped="False" height="128" name="CueTexNew.tga" width="128" x="128" y="256"/>
        <Image flipped="False" height="128" name="ball13.tga" width="128" x="640" y="0"/>
        <Image flipped="False" height="128" name="wood3.tga" width="128" x="256" y="256"/>
        <Image flipped="False" height="128" name="ball09.tga" width="128" x="128" y="0"/>
        <Image flipped="False" height="128" name="ball12.tga" width="128" x="512" y="0"/>
        <Image flipped="False" height="128" name="ball03.tga" width="128" x="0" y="256"/>
        <Image flipped="False" height="128" name="ball07.tga" width="128" x="0" y="768"/>
        <Image flipped="False" height="256" name="greenfelt.tga" width="256" x="128" y="384"/>
        <Image flipped="False" height="128" name="ball01.tga" width="128" x="0" y="0"/>
        <Image flipped="False" height="128" name="ball15.tga" width="128" x="896" y="0"/>
        <Image flipped="False" height="128" name="ball14.tga" width="128" x="768" y="0"/>
        <Image flipped="False" height="128" name="ball05.tga" width="128" x="0" y="512"/>
        <Image flipped="False" height="128" name="Marble.tga" width="128" x="256" y="128"/>
        <Image flipped="False" height="256" name="PoolTableTex.tga" width="256" x="128" y="640"/>
        <Image flipped="False" height="128" name="ball04.tga" width="128" x="0" y="384"/>
    </Atlas>
</Root>
